album,albumLabel,producer,producerLabel,genre,genreLabel
http://www.wikidata.org/entity/Q739569,La Valse des monstres,http://www.wikidata.org/entity/Q157256,Yann Tiersen,http://www.wikidata.org/entity/Q4631020,21st-century classical music
http://www.wikidata.org/entity/Q2348863,Les Retrouvailles,http://www.wikidata.org/entity/Q157256,Yann Tiersen,http://www.wikidata.org/entity/Q4631020,21st-century classical music
http://www.wikidata.org/entity/Q2563202,Rue des cascades,http://www.wikidata.org/entity/Q157256,Yann Tiersen,http://www.wikidata.org/entity/Q4631020,21st-century classical music
http://www.wikidata.org/entity/Q1627745,L'Absente,http://www.wikidata.org/entity/Q157256,Yann Tiersen,http://www.wikidata.org/entity/Q4631020,21st-century classical music
http://www.wikidata.org/entity/Q1952362,Le Phare,http://www.wikidata.org/entity/Q157256,Yann Tiersen,http://www.wikidata.org/entity/Q4631020,21st-century classical music
http://www.wikidata.org/entity/Q3486462,Skyline,http://www.wikidata.org/entity/Q157256,Yann Tiersen,http://www.wikidata.org/entity/Q286080,acoustic music
http://www.wikidata.org/entity/Q16643501,∞,http://www.wikidata.org/entity/Q157256,Yann Tiersen,http://www.wikidata.org/entity/Q286080,acoustic music
http://www.wikidata.org/entity/Q2391224,Du ciment sous les plaines,http://www.wikidata.org/entity/Q728707,Noir Désir,http://www.wikidata.org/entity/Q11366,alternative rock
http://www.wikidata.org/entity/Q2019334,The Smiths Is Dead,http://www.wikidata.org/entity/Q2758142,Les Inrockuptibles,http://www.wikidata.org/entity/Q11366,alternative rock
http://www.wikidata.org/entity/Q2288569,Dies Irae,http://www.wikidata.org/entity/Q728707,Noir Désir,http://www.wikidata.org/entity/Q11366,alternative rock
http://www.wikidata.org/entity/Q3532657,Tostaky,http://www.wikidata.org/entity/Q728707,Noir Désir,http://www.wikidata.org/entity/Q11366,alternative rock
http://www.wikidata.org/entity/Q12071943,Noir Désir,http://www.wikidata.org/entity/Q728707,Noir Désir,http://www.wikidata.org/entity/Q11366,alternative rock
http://www.wikidata.org/entity/Q16651460,L'Équilibre,http://www.wikidata.org/entity/Q3294208,Mark Plati,http://www.wikidata.org/entity/Q11366,alternative rock
http://www.wikidata.org/entity/Q3342717,Q3342717,http://www.wikidata.org/entity/Q728707,Noir Désir,http://www.wikidata.org/entity/Q11366,alternative rock
http://www.wikidata.org/entity/Q3352216,Q3352216,http://www.wikidata.org/entity/Q728707,Noir Désir,http://www.wikidata.org/entity/Q11366,alternative rock
http://www.wikidata.org/entity/Q15661,Oxygène,http://www.wikidata.org/entity/Q104326,Jean-Michel Jarre,http://www.wikidata.org/entity/Q193207,ambient music
http://www.wikidata.org/entity/Q523793,Ralf und Florian,http://www.wikidata.org/entity/Q61428,Conny Plank,http://www.wikidata.org/entity/Q193207,ambient music
http://www.wikidata.org/entity/Q525379,Deep Forest,http://www.wikidata.org/entity/Q2388966,Dan Lacksman,http://www.wikidata.org/entity/Q193207,ambient music
http://www.wikidata.org/entity/Q525379,Deep Forest,http://www.wikidata.org/entity/Q3119521,Guilain Joncheray,http://www.wikidata.org/entity/Q193207,ambient music
http://www.wikidata.org/entity/Q767479,Les Chants magnétiques,http://www.wikidata.org/entity/Q104326,Jean-Michel Jarre,http://www.wikidata.org/entity/Q193207,ambient music
http://www.wikidata.org/entity/Q1093902,Sessions 2000,http://www.wikidata.org/entity/Q104326,Jean-Michel Jarre,http://www.wikidata.org/entity/Q193207,ambient music
http://www.wikidata.org/entity/Q1194062,Métamorphoses,http://www.wikidata.org/entity/Q104326,Jean-Michel Jarre,http://www.wikidata.org/entity/Q193207,ambient music
http://www.wikidata.org/entity/Q90153115,Thulêan Mysteries,http://www.wikidata.org/entity/Q193172,Burzum,http://www.wikidata.org/entity/Q193207,ambient music
http://www.wikidata.org/entity/Q2930408,C'était ici,http://www.wikidata.org/entity/Q157256,Yann Tiersen,http://www.wikidata.org/entity/Q2332751,avant-garde music
http://www.wikidata.org/entity/Q3489518,Solitudes à deux,http://www.wikidata.org/entity/Q3047308,Eddie Vartan,http://www.wikidata.org/entity/Q182659,ballad
http://www.wikidata.org/entity/Q2741315,L'Étonnant Serge Gainsbourg,http://www.wikidata.org/entity/Q2621446,Alain Goraguer,http://www.wikidata.org/entity/Q46046,baroque pop
http://www.wikidata.org/entity/Q109043817,Club Session no IV,http://www.wikidata.org/entity/Q1444335,Frank Ténot,http://www.wikidata.org/entity/Q105513,bebop
http://www.wikidata.org/entity/Q1277740,Pure Holocaust,http://www.wikidata.org/entity/Q579363,Eirik Hundvin,http://www.wikidata.org/entity/Q132438,black metal
http://www.wikidata.org/entity/Q1754162,Diabolical Fullmoon Mysticism,http://www.wikidata.org/entity/Q579363,Eirik Hundvin,http://www.wikidata.org/entity/Q132438,black metal
http://www.wikidata.org/entity/Q1754209,Pentagram,http://www.wikidata.org/entity/Q579363,Eirik Hundvin,http://www.wikidata.org/entity/Q132438,black metal
http://www.wikidata.org/entity/Q61112775,Live in Paris,http://www.wikidata.org/entity/Q6490755,Larry Martin,http://www.wikidata.org/entity/Q9759,blues
http://www.wikidata.org/entity/Q1194062,Métamorphoses,http://www.wikidata.org/entity/Q104326,Jean-Michel Jarre,http://www.wikidata.org/entity/Q663519,breakbeat
http://www.wikidata.org/entity/Q910620,Bretonne,http://www.wikidata.org/entity/Q153504,Jon Kelly,http://www.wikidata.org/entity/Q15974722,Breton song
http://www.wikidata.org/entity/Q2924855,Brian Boru,http://www.wikidata.org/entity/Q45322294,Keltia 3,http://www.wikidata.org/entity/Q15974722,Breton song
http://www.wikidata.org/entity/Q16572115,Les Beatles dans leurs 14 plus grands succès,http://www.wikidata.org/entity/Q191819,George Martin,http://www.wikidata.org/entity/Q2566660,British rock
http://www.wikidata.org/entity/Q910620,Bretonne,http://www.wikidata.org/entity/Q153504,Jon Kelly,http://www.wikidata.org/entity/Q854451,Celtic music
http://www.wikidata.org/entity/Q2924855,Brian Boru,http://www.wikidata.org/entity/Q45322294,Keltia 3,http://www.wikidata.org/entity/Q854451,Celtic music
http://www.wikidata.org/entity/Q15406870,Rêves de Siam,http://www.wikidata.org/entity/Q10695,Dan Ar Braz,http://www.wikidata.org/entity/Q854451,Celtic music
http://www.wikidata.org/entity/Q15406873,À toi et ceux,http://www.wikidata.org/entity/Q3160649,Jakez Bernard,http://www.wikidata.org/entity/Q854451,Celtic music
http://www.wikidata.org/entity/Q15406874,La Mémoire des volets blancs,http://www.wikidata.org/entity/Q3160649,Jakez Bernard,http://www.wikidata.org/entity/Q854451,Celtic music
http://www.wikidata.org/entity/Q15406875,Theme for the Green Lands,http://www.wikidata.org/entity/Q10695,Dan Ar Braz,http://www.wikidata.org/entity/Q854451,Celtic music
http://www.wikidata.org/entity/Q15406882,Acoustic,http://www.wikidata.org/entity/Q3219535,Laurent Thibault,http://www.wikidata.org/entity/Q854451,Celtic music
http://www.wikidata.org/entity/Q15406888,Allez dire à la ville,http://www.wikidata.org/entity/Q3142352,Hughes de Courson,http://www.wikidata.org/entity/Q854451,Celtic music
http://www.wikidata.org/entity/Q15410547,Héritage des Celtes,http://www.wikidata.org/entity/Q983618,Dónal Lunny,http://www.wikidata.org/entity/Q854451,Celtic music
http://www.wikidata.org/entity/Q15410547,Héritage des Celtes,http://www.wikidata.org/entity/Q3160649,Jakez Bernard,http://www.wikidata.org/entity/Q854451,Celtic music
http://www.wikidata.org/entity/Q15556446,Zénith,http://www.wikidata.org/entity/Q3160649,Jakez Bernard,http://www.wikidata.org/entity/Q854451,Celtic music
http://www.wikidata.org/entity/Q15556448,Finisterres,http://www.wikidata.org/entity/Q983618,Dónal Lunny,http://www.wikidata.org/entity/Q854451,Celtic music
http://www.wikidata.org/entity/Q15556458,En concert,http://www.wikidata.org/entity/Q983618,Dónal Lunny,http://www.wikidata.org/entity/Q854451,Celtic music
http://www.wikidata.org/entity/Q16655525,Les Îles de la mémoire,http://www.wikidata.org/entity/Q10695,Dan Ar Braz,http://www.wikidata.org/entity/Q854451,Celtic music
http://www.wikidata.org/entity/Q2924855,Brian Boru,http://www.wikidata.org/entity/Q45322294,Keltia 3,http://www.wikidata.org/entity/Q2662148,Celtic rock
http://www.wikidata.org/entity/Q15406870,Rêves de Siam,http://www.wikidata.org/entity/Q10695,Dan Ar Braz,http://www.wikidata.org/entity/Q2662148,Celtic rock
http://www.wikidata.org/entity/Q15406873,À toi et ceux,http://www.wikidata.org/entity/Q3160649,Jakez Bernard,http://www.wikidata.org/entity/Q2662148,Celtic rock
http://www.wikidata.org/entity/Q15406874,La Mémoire des volets blancs,http://www.wikidata.org/entity/Q3160649,Jakez Bernard,http://www.wikidata.org/entity/Q2662148,Celtic rock
http://www.wikidata.org/entity/Q15406875,Theme for the Green Lands,http://www.wikidata.org/entity/Q10695,Dan Ar Braz,http://www.wikidata.org/entity/Q2662148,Celtic rock
http://www.wikidata.org/entity/Q15406882,Acoustic,http://www.wikidata.org/entity/Q3219535,Laurent Thibault,http://www.wikidata.org/entity/Q2662148,Celtic rock
http://www.wikidata.org/entity/Q15406888,Allez dire à la ville,http://www.wikidata.org/entity/Q3142352,Hughes de Courson,http://www.wikidata.org/entity/Q2662148,Celtic rock
http://www.wikidata.org/entity/Q15410547,Héritage des Celtes,http://www.wikidata.org/entity/Q983618,Dónal Lunny,http://www.wikidata.org/entity/Q2662148,Celtic rock
http://www.wikidata.org/entity/Q15410547,Héritage des Celtes,http://www.wikidata.org/entity/Q3160649,Jakez Bernard,http://www.wikidata.org/entity/Q2662148,Celtic rock
http://www.wikidata.org/entity/Q15556446,Zénith,http://www.wikidata.org/entity/Q3160649,Jakez Bernard,http://www.wikidata.org/entity/Q2662148,Celtic rock
http://www.wikidata.org/entity/Q15556448,Finisterres,http://www.wikidata.org/entity/Q983618,Dónal Lunny,http://www.wikidata.org/entity/Q2662148,Celtic rock
http://www.wikidata.org/entity/Q15556458,En concert,http://www.wikidata.org/entity/Q983618,Dónal Lunny,http://www.wikidata.org/entity/Q2662148,Celtic rock
http://www.wikidata.org/entity/Q16655525,Les Îles de la mémoire,http://www.wikidata.org/entity/Q10695,Dan Ar Braz,http://www.wikidata.org/entity/Q2662148,Celtic rock
http://www.wikidata.org/entity/Q167848,Zaz,http://www.wikidata.org/entity/Q3195483,Kerredine Soltani,http://www.wikidata.org/entity/Q1062400,chanson
http://www.wikidata.org/entity/Q520656,Le Vent,http://www.wikidata.org/entity/Q1677931,Jacques Canetti,http://www.wikidata.org/entity/Q1062400,chanson
http://www.wikidata.org/entity/Q945162,Kabaret,http://www.wikidata.org/entity/Q159704,Patricia Kaas,http://www.wikidata.org/entity/Q1062400,chanson
http://www.wikidata.org/entity/Q978729,Emmaus Mouvement – 1949–1999 Emmaüs a 50 ans,http://www.wikidata.org/entity/Q3189425,Julien Civange,http://www.wikidata.org/entity/Q1062400,chanson
http://www.wikidata.org/entity/Q2405529,Avec vous,http://www.wikidata.org/entity/Q2898571,Bernard Saint-Paul,http://www.wikidata.org/entity/Q1062400,chanson
http://www.wikidata.org/entity/Q2818445,7ème,http://www.wikidata.org/entity/Q2898571,Bernard Saint-Paul,http://www.wikidata.org/entity/Q1062400,chanson
http://www.wikidata.org/entity/Q2870259,Au Palais des sports,http://www.wikidata.org/entity/Q469734,Véronique Sanson,http://www.wikidata.org/entity/Q1062400,chanson
http://www.wikidata.org/entity/Q2870410,Au nom d'une femme,http://www.wikidata.org/entity/Q3309362,Michel Cœuriot,http://www.wikidata.org/entity/Q1062400,chanson
http://www.wikidata.org/entity/Q2873043,Autour de Serge Reggiani,http://www.wikidata.org/entity/Q3027213,Didier Varrod,http://www.wikidata.org/entity/Q1062400,chanson
http://www.wikidata.org/entity/Q1109067,Nous n'avons fait que fuir,http://www.wikidata.org/entity/Q728707,Noir Désir,http://www.wikidata.org/entity/Q1062400,chanson
http://www.wikidata.org/entity/Q1883292,Mademoiselle chante…,http://www.wikidata.org/entity/Q1210514,Didier Barbelivien,http://www.wikidata.org/entity/Q1062400,chanson
http://www.wikidata.org/entity/Q1934529,Pure,http://www.wikidata.org/entity/Q192655,Lara Fabian,http://www.wikidata.org/entity/Q1062400,chanson
http://www.wikidata.org/entity/Q1934529,Pure,http://www.wikidata.org/entity/Q2030253,Rick Allison,http://www.wikidata.org/entity/Q1062400,chanson
http://www.wikidata.org/entity/Q1938496,Tout est calme,http://www.wikidata.org/entity/Q157256,Yann Tiersen,http://www.wikidata.org/entity/Q1062400,chanson
http://www.wikidata.org/entity/Q3427225,Repenti,http://www.wikidata.org/entity/Q3166935,Jean-Louis Piérot,http://www.wikidata.org/entity/Q1062400,chanson
http://www.wikidata.org/entity/Q3441119,Romantiquement vôtre,http://www.wikidata.org/entity/Q705356,Don Costa,http://www.wikidata.org/entity/Q1062400,chanson
http://www.wikidata.org/entity/Q3472465,Sans regrets,http://www.wikidata.org/entity/Q2898571,Bernard Saint-Paul,http://www.wikidata.org/entity/Q1062400,chanson
http://www.wikidata.org/entity/Q2979512,Cloclo Mania,http://www.wikidata.org/entity/Q2929410,Béatrice Ardisson,http://www.wikidata.org/entity/Q1062400,chanson
http://www.wikidata.org/entity/Q2986024,Comme ils l'imaginent,http://www.wikidata.org/entity/Q2898571,Bernard Saint-Paul,http://www.wikidata.org/entity/Q1062400,chanson
http://www.wikidata.org/entity/Q3010827,Cœur de verre,http://www.wikidata.org/entity/Q3356439,Orlando,http://www.wikidata.org/entity/Q1062400,chanson
http://www.wikidata.org/entity/Q3010991,D'un papillon à une étoile,http://www.wikidata.org/entity/Q2898571,Bernard Saint-Paul,http://www.wikidata.org/entity/Q1062400,chanson
http://www.wikidata.org/entity/Q3013371,Dancing Disco,http://www.wikidata.org/entity/Q543613,Michel Berger,http://www.wikidata.org/entity/Q1062400,chanson
http://www.wikidata.org/entity/Q3020357,De l'autre côté de mon rêve,http://www.wikidata.org/entity/Q543613,Michel Berger,http://www.wikidata.org/entity/Q1062400,chanson
http://www.wikidata.org/entity/Q3040385,Du monde tout autour,http://www.wikidata.org/entity/Q2551362,Gordon Gano,http://www.wikidata.org/entity/Q1062400,chanson
http://www.wikidata.org/entity/Q3040385,Du monde tout autour,http://www.wikidata.org/entity/Q3294208,Mark Plati,http://www.wikidata.org/entity/Q1062400,chanson
http://www.wikidata.org/entity/Q3053532,En concert,http://www.wikidata.org/entity/Q3356439,Orlando,http://www.wikidata.org/entity/Q1062400,chanson
http://www.wikidata.org/entity/Q3053652,En t'attendant,http://www.wikidata.org/entity/Q311964,Damien Rice,http://www.wikidata.org/entity/Q1062400,chanson
http://www.wikidata.org/entity/Q3139402,Hollywood,http://www.wikidata.org/entity/Q2898571,Bernard Saint-Paul,http://www.wikidata.org/entity/Q1062400,chanson
http://www.wikidata.org/entity/Q3143106,Humaine,http://www.wikidata.org/entity/Q3385553,Pierre Jaconelli,http://www.wikidata.org/entity/Q1062400,chanson
http://www.wikidata.org/entity/Q3150044,Indestructible,http://www.wikidata.org/entity/Q2898571,Bernard Saint-Paul,http://www.wikidata.org/entity/Q1062400,chanson
http://www.wikidata.org/entity/Q3163583,Je te dis vous,http://www.wikidata.org/entity/Q7352659,Robin Millar,http://www.wikidata.org/entity/Q1062400,chanson
http://www.wikidata.org/entity/Q3216376,Laisse-la vivre,http://www.wikidata.org/entity/Q469734,Véronique Sanson,http://www.wikidata.org/entity/Q1062400,chanson
http://www.wikidata.org/entity/Q3224413,Le Maudit,http://www.wikidata.org/entity/Q469734,Véronique Sanson,http://www.wikidata.org/entity/Q1062400,chanson
http://www.wikidata.org/entity/Q3225947,Le Prix de l'Eden,http://www.wikidata.org/entity/Q3579175,Édith Fambuena,http://www.wikidata.org/entity/Q1062400,chanson
http://www.wikidata.org/entity/Q3235925,N° 9,http://www.wikidata.org/entity/Q1677931,Jacques Canetti,http://www.wikidata.org/entity/Q1062400,chanson
http://www.wikidata.org/entity/Q3257024,Live at the Olympia,http://www.wikidata.org/entity/Q2898571,Bernard Saint-Paul,http://www.wikidata.org/entity/Q1062400,chanson
http://www.wikidata.org/entity/Q10542311,Kaas chante Piaf,http://www.wikidata.org/entity/Q318465,Abel Korzeniowski,http://www.wikidata.org/entity/Q1062400,chanson
http://www.wikidata.org/entity/Q16020994,Amoureuse,http://www.wikidata.org/entity/Q543613,Michel Berger,http://www.wikidata.org/entity/Q1062400,chanson
http://www.wikidata.org/entity/Q16545695,D'une tonne à un tout petit poids,http://www.wikidata.org/entity/Q963388,Peter von Poehl,http://www.wikidata.org/entity/Q1062400,chanson
http://www.wikidata.org/entity/Q60833386,En amont,http://www.wikidata.org/entity/Q2964192,Chloé Mons,http://www.wikidata.org/entity/Q1062400,chanson
http://www.wikidata.org/entity/Q60833386,En amont,http://www.wikidata.org/entity/Q3579175,Édith Fambuena,http://www.wikidata.org/entity/Q1062400,chanson
http://www.wikidata.org/entity/Q93725926,De quoi faire battre mon cœur,http://www.wikidata.org/entity/Q3086921,Fred Pallem,http://www.wikidata.org/entity/Q1062400,chanson
http://www.wikidata.org/entity/Q93727375,De quoi faire battre ton cœur,http://www.wikidata.org/entity/Q3086921,Fred Pallem,http://www.wikidata.org/entity/Q1062400,chanson
http://www.wikidata.org/entity/Q93728476,À la lisière,http://www.wikidata.org/entity/Q1429441,Florent Marchet,http://www.wikidata.org/entity/Q1062400,chanson
http://www.wikidata.org/entity/Q3554461,Vancouver,http://www.wikidata.org/entity/Q2898571,Bernard Saint-Paul,http://www.wikidata.org/entity/Q1062400,chanson
http://www.wikidata.org/entity/Q3576471,Zénith 93,http://www.wikidata.org/entity/Q2898571,Bernard Saint-Paul,http://www.wikidata.org/entity/Q1062400,chanson
http://www.wikidata.org/entity/Q3576872,À plus tard crocodile,http://www.wikidata.org/entity/Q3294208,Mark Plati,http://www.wikidata.org/entity/Q1062400,chanson
http://www.wikidata.org/entity/Q3640301,5,http://www.wikidata.org/entity/Q979169,Alexandre Azaria,http://www.wikidata.org/entity/Q1062400,chanson
http://www.wikidata.org/entity/Q3259160,Longue Distance,http://www.wikidata.org/entity/Q2898571,Bernard Saint-Paul,http://www.wikidata.org/entity/Q1062400,chanson
http://www.wikidata.org/entity/Q3338596,Neuf,http://www.wikidata.org/entity/Q2829653,Alain Chamfort,http://www.wikidata.org/entity/Q1062400,chanson
http://www.wikidata.org/entity/Q3351610,Olympia 2005,http://www.wikidata.org/entity/Q2898571,Bernard Saint-Paul,http://www.wikidata.org/entity/Q1062400,chanson
http://www.wikidata.org/entity/Q3372710,Pauline Croze,http://www.wikidata.org/entity/Q3579175,Édith Fambuena,http://www.wikidata.org/entity/Q1062400,chanson
http://www.wikidata.org/entity/Q17093138,La mamma,http://www.wikidata.org/entity/Q50788,Paul Mauriat,http://www.wikidata.org/entity/Q1062400,chanson
http://www.wikidata.org/entity/Q18610894,C'est ça qui est bon,http://www.wikidata.org/entity/Q3554690,Varda Kakon,http://www.wikidata.org/entity/Q1062400,chanson
http://www.wikidata.org/entity/Q15661,Oxygène,http://www.wikidata.org/entity/Q104326,Jean-Michel Jarre,http://www.wikidata.org/entity/Q757143,chill-out music
http://www.wikidata.org/entity/Q767479,Les Chants magnétiques,http://www.wikidata.org/entity/Q104326,Jean-Michel Jarre,http://www.wikidata.org/entity/Q757143,chill-out music
http://www.wikidata.org/entity/Q3163505,Je sais que la Terre est plate,http://www.wikidata.org/entity/Q505994,Tony Visconti,http://www.wikidata.org/entity/Q106298881,contemporary folk music
http://www.wikidata.org/entity/Q3314350,Million Dollar Boy,http://www.wikidata.org/entity/Q981165,K.Maro,http://www.wikidata.org/entity/Q850412,contemporary R&B
http://www.wikidata.org/entity/Q739569,La Valse des monstres,http://www.wikidata.org/entity/Q157256,Yann Tiersen,http://www.wikidata.org/entity/Q504635,crossover
http://www.wikidata.org/entity/Q2348863,Les Retrouvailles,http://www.wikidata.org/entity/Q157256,Yann Tiersen,http://www.wikidata.org/entity/Q504635,crossover
http://www.wikidata.org/entity/Q2563202,Rue des cascades,http://www.wikidata.org/entity/Q157256,Yann Tiersen,http://www.wikidata.org/entity/Q504635,crossover
http://www.wikidata.org/entity/Q1627745,L'Absente,http://www.wikidata.org/entity/Q157256,Yann Tiersen,http://www.wikidata.org/entity/Q504635,crossover
http://www.wikidata.org/entity/Q525379,Deep Forest,http://www.wikidata.org/entity/Q2388966,Dan Lacksman,http://www.wikidata.org/entity/Q316930,dance music
http://www.wikidata.org/entity/Q525379,Deep Forest,http://www.wikidata.org/entity/Q3119521,Guilain Joncheray,http://www.wikidata.org/entity/Q316930,dance music
http://www.wikidata.org/entity/Q129590,Cendres de Lune,http://www.wikidata.org/entity/Q2580403,Laurent Boutonnat,http://www.wikidata.org/entity/Q211756,dance-pop
http://www.wikidata.org/entity/Q2084322,Monkey Me,http://www.wikidata.org/entity/Q2580403,Laurent Boutonnat,http://www.wikidata.org/entity/Q211756,dance-pop
http://www.wikidata.org/entity/Q3493133,Terra Incognita,http://www.wikidata.org/entity/Q1011412,Gojira,http://www.wikidata.org/entity/Q483251,death metal
http://www.wikidata.org/entity/Q3197064,King of the World,http://www.wikidata.org/entity/Q497759,Nile Rodgers,http://www.wikidata.org/entity/Q58339,disco
http://www.wikidata.org/entity/Q16247198,D.I.S.C.O.,http://www.wikidata.org/entity/Q3014783,Daniel Vangarde,http://www.wikidata.org/entity/Q58339,disco
http://www.wikidata.org/entity/Q16851914,Just Me,http://www.wikidata.org/entity/Q497759,Nile Rodgers,http://www.wikidata.org/entity/Q58339,disco
http://www.wikidata.org/entity/Q1194062,Métamorphoses,http://www.wikidata.org/entity/Q104326,Jean-Michel Jarre,http://www.wikidata.org/entity/Q251192,downtempo
http://www.wikidata.org/entity/Q90153115,Thulêan Mysteries,http://www.wikidata.org/entity/Q193172,Burzum,http://www.wikidata.org/entity/Q48971892,dungeon synth
http://www.wikidata.org/entity/Q767479,Les Chants magnétiques,http://www.wikidata.org/entity/Q104326,Jean-Michel Jarre,http://www.wikidata.org/entity/Q217597,electro
http://www.wikidata.org/entity/Q1194062,Métamorphoses,http://www.wikidata.org/entity/Q104326,Jean-Michel Jarre,http://www.wikidata.org/entity/Q217597,electro
http://www.wikidata.org/entity/Q7112924,OutRun,http://www.wikidata.org/entity/Q471650,Guy-Manuel de Homem-Christo,http://www.wikidata.org/entity/Q627906,electro house
http://www.wikidata.org/entity/Q7112924,OutRun,http://www.wikidata.org/entity/Q734098,Sebastian,http://www.wikidata.org/entity/Q627906,electro house
http://www.wikidata.org/entity/Q7112924,OutRun,http://www.wikidata.org/entity/Q982784,Kavinsky,http://www.wikidata.org/entity/Q627906,electro house
http://www.wikidata.org/entity/Q1194062,Métamorphoses,http://www.wikidata.org/entity/Q104326,Jean-Michel Jarre,http://www.wikidata.org/entity/Q851213,electronic dance music
http://www.wikidata.org/entity/Q15661,Oxygène,http://www.wikidata.org/entity/Q104326,Jean-Michel Jarre,http://www.wikidata.org/entity/Q9778,electronic music
http://www.wikidata.org/entity/Q523793,Ralf und Florian,http://www.wikidata.org/entity/Q61428,Conny Plank,http://www.wikidata.org/entity/Q9778,electronic music
http://www.wikidata.org/entity/Q767479,Les Chants magnétiques,http://www.wikidata.org/entity/Q104326,Jean-Michel Jarre,http://www.wikidata.org/entity/Q9778,electronic music
http://www.wikidata.org/entity/Q905370,Zoolook,http://www.wikidata.org/entity/Q104326,Jean-Michel Jarre,http://www.wikidata.org/entity/Q9778,electronic music
http://www.wikidata.org/entity/Q2819759,A Grand Love Story,http://www.wikidata.org/entity/Q1277171,Kid Loco,http://www.wikidata.org/entity/Q9778,electronic music
http://www.wikidata.org/entity/Q1093902,Sessions 2000,http://www.wikidata.org/entity/Q104326,Jean-Michel Jarre,http://www.wikidata.org/entity/Q9778,electronic music
http://www.wikidata.org/entity/Q2109379,Chrysalis,http://www.wikidata.org/entity/Q610896,Erick Benzi,http://www.wikidata.org/entity/Q9778,electronic music
http://www.wikidata.org/entity/Q11825085,Positions,http://www.wikidata.org/entity/Q602638,Dimitri Tikovoi,http://www.wikidata.org/entity/Q9778,electronic music
http://www.wikidata.org/entity/Q15661,Oxygène,http://www.wikidata.org/entity/Q104326,Jean-Michel Jarre,http://www.wikidata.org/entity/Q817138,electronica
http://www.wikidata.org/entity/Q767479,Les Chants magnétiques,http://www.wikidata.org/entity/Q104326,Jean-Michel Jarre,http://www.wikidata.org/entity/Q817138,electronica
http://www.wikidata.org/entity/Q1194062,Métamorphoses,http://www.wikidata.org/entity/Q104326,Jean-Michel Jarre,http://www.wikidata.org/entity/Q817138,electronica
http://www.wikidata.org/entity/Q16851914,Just Me,http://www.wikidata.org/entity/Q497759,Nile Rodgers,http://www.wikidata.org/entity/Q188450,electropop
http://www.wikidata.org/entity/Q523793,Ralf und Florian,http://www.wikidata.org/entity/Q61428,Conny Plank,http://www.wikidata.org/entity/Q1640319,experimental music
http://www.wikidata.org/entity/Q1093902,Sessions 2000,http://www.wikidata.org/entity/Q104326,Jean-Michel Jarre,http://www.wikidata.org/entity/Q1640319,experimental music
http://www.wikidata.org/entity/Q3571713,Yann Tiersen & Shannon Wright,http://www.wikidata.org/entity/Q157256,Yann Tiersen,http://www.wikidata.org/entity/Q1640319,experimental music
http://www.wikidata.org/entity/Q614610,Good Bye Lenin!,http://www.wikidata.org/entity/Q157256,Yann Tiersen,http://www.wikidata.org/entity/Q492264,film score
http://www.wikidata.org/entity/Q2538479,Le Fabuleux Destin d'Amélie Poulain,http://www.wikidata.org/entity/Q157256,Yann Tiersen,http://www.wikidata.org/entity/Q492264,film score
http://www.wikidata.org/entity/Q2872759,Autorisation de délirer,http://www.wikidata.org/entity/Q8326068,Hervé Bergerat,http://www.wikidata.org/entity/Q43343,folk music
http://www.wikidata.org/entity/Q3535702,…tout corps vivant branché sur le secteur étant appelé à s'émouvoir…,http://www.wikidata.org/entity/Q8326068,Hervé Bergerat,http://www.wikidata.org/entity/Q43343,folk music
http://www.wikidata.org/entity/Q3020343,"De l'amour, de l'art ou du cochon",http://www.wikidata.org/entity/Q8326068,Hervé Bergerat,http://www.wikidata.org/entity/Q43343,folk music
http://www.wikidata.org/entity/Q3023942,Dernières balises (avant mutation),http://www.wikidata.org/entity/Q8326068,Hervé Bergerat,http://www.wikidata.org/entity/Q43343,folk music
http://www.wikidata.org/entity/Q3053521,En concert,http://www.wikidata.org/entity/Q8326068,Hervé Bergerat,http://www.wikidata.org/entity/Q43343,folk music
http://www.wikidata.org/entity/Q15406870,Rêves de Siam,http://www.wikidata.org/entity/Q10695,Dan Ar Braz,http://www.wikidata.org/entity/Q43343,folk music
http://www.wikidata.org/entity/Q15406873,À toi et ceux,http://www.wikidata.org/entity/Q3160649,Jakez Bernard,http://www.wikidata.org/entity/Q43343,folk music
http://www.wikidata.org/entity/Q15406874,La Mémoire des volets blancs,http://www.wikidata.org/entity/Q3160649,Jakez Bernard,http://www.wikidata.org/entity/Q43343,folk music
http://www.wikidata.org/entity/Q15406875,Theme for the Green Lands,http://www.wikidata.org/entity/Q10695,Dan Ar Braz,http://www.wikidata.org/entity/Q43343,folk music
http://www.wikidata.org/entity/Q15406882,Acoustic,http://www.wikidata.org/entity/Q3219535,Laurent Thibault,http://www.wikidata.org/entity/Q43343,folk music
http://www.wikidata.org/entity/Q15406888,Allez dire à la ville,http://www.wikidata.org/entity/Q3142352,Hughes de Courson,http://www.wikidata.org/entity/Q43343,folk music
http://www.wikidata.org/entity/Q15410547,Héritage des Celtes,http://www.wikidata.org/entity/Q983618,Dónal Lunny,http://www.wikidata.org/entity/Q43343,folk music
http://www.wikidata.org/entity/Q15410547,Héritage des Celtes,http://www.wikidata.org/entity/Q3160649,Jakez Bernard,http://www.wikidata.org/entity/Q43343,folk music
http://www.wikidata.org/entity/Q15556446,Zénith,http://www.wikidata.org/entity/Q3160649,Jakez Bernard,http://www.wikidata.org/entity/Q43343,folk music
http://www.wikidata.org/entity/Q15556448,Finisterres,http://www.wikidata.org/entity/Q983618,Dónal Lunny,http://www.wikidata.org/entity/Q43343,folk music
http://www.wikidata.org/entity/Q15556458,En concert,http://www.wikidata.org/entity/Q983618,Dónal Lunny,http://www.wikidata.org/entity/Q43343,folk music
http://www.wikidata.org/entity/Q16149522,9 Dead Alive,http://www.wikidata.org/entity/Q7376436,Rubyworks Records,http://www.wikidata.org/entity/Q43343,folk music
http://www.wikidata.org/entity/Q16655525,Les Îles de la mémoire,http://www.wikidata.org/entity/Q10695,Dan Ar Braz,http://www.wikidata.org/entity/Q43343,folk music
http://www.wikidata.org/entity/Q60834316,Folk,http://www.wikidata.org/entity/Q15266140,Clément Ducol,http://www.wikidata.org/entity/Q43343,folk music
http://www.wikidata.org/entity/Q2924855,Brian Boru,http://www.wikidata.org/entity/Q45322294,Keltia 3,http://www.wikidata.org/entity/Q186472,folk rock
http://www.wikidata.org/entity/Q3486462,Skyline,http://www.wikidata.org/entity/Q157256,Yann Tiersen,http://www.wikidata.org/entity/Q186472,folk rock
http://www.wikidata.org/entity/Q3046291,In Dublin,http://www.wikidata.org/entity/Q10681,Alan Stivell,http://www.wikidata.org/entity/Q186472,folk rock
http://www.wikidata.org/entity/Q3206685,La Biographie de Luka Philipsen,http://www.wikidata.org/entity/Q182991,Benjamin Biolay,http://www.wikidata.org/entity/Q186472,folk rock
http://www.wikidata.org/entity/Q74749567,Récolte de Rêves,http://www.wikidata.org/entity/Q1763557,Richard Grégoire,http://www.wikidata.org/entity/Q186472,folk rock
http://www.wikidata.org/entity/Q967042,Lunatic,http://www.wikidata.org/entity/Q1361271,Ryan Leslie,http://www.wikidata.org/entity/Q138020,French hip hop
http://www.wikidata.org/entity/Q2837935,Aller-Retour,http://www.wikidata.org/entity/Q5463897,Focus...,http://www.wikidata.org/entity/Q138020,French hip hop
http://www.wikidata.org/entity/Q3439852,Rois sans couronne,http://www.wikidata.org/entity/Q3486380,Skread,http://www.wikidata.org/entity/Q138020,French hip hop
http://www.wikidata.org/entity/Q3510633,Sélection naturelle,http://www.wikidata.org/entity/Q3486380,Skread,http://www.wikidata.org/entity/Q138020,French hip hop
http://www.wikidata.org/entity/Q3015551,Dans ma bulle,http://www.wikidata.org/entity/Q3486380,Skread,http://www.wikidata.org/entity/Q138020,French hip hop
http://www.wikidata.org/entity/Q3050568,Electro Cypher,http://www.wikidata.org/entity/Q417651,Akhenaton,http://www.wikidata.org/entity/Q138020,French hip hop
http://www.wikidata.org/entity/Q3190335,Juste nous vol.1,http://www.wikidata.org/entity/Q2814698,20syl,http://www.wikidata.org/entity/Q138020,French hip hop
http://www.wikidata.org/entity/Q3210970,La mélodie des briques,http://www.wikidata.org/entity/Q3486380,Skread,http://www.wikidata.org/entity/Q138020,French hip hop
http://www.wikidata.org/entity/Q3334328,NE2S,http://www.wikidata.org/entity/Q3486380,Skread,http://www.wikidata.org/entity/Q138020,French hip hop
http://www.wikidata.org/entity/Q3358099,Ouest Side,http://www.wikidata.org/entity/Q1154202,DJ Mehdi,http://www.wikidata.org/entity/Q138020,French hip hop
http://www.wikidata.org/entity/Q3362490,Panthéon,http://www.wikidata.org/entity/Q3486380,Skread,http://www.wikidata.org/entity/Q138020,French hip hop
http://www.wikidata.org/entity/Q3375255,Perdu d'avance,http://www.wikidata.org/entity/Q3486380,Skread,http://www.wikidata.org/entity/Q138020,French hip hop
http://www.wikidata.org/entity/Q16743972,Orelsan et Gringe sont les Casseurs Flowters,http://www.wikidata.org/entity/Q3486380,Skread,http://www.wikidata.org/entity/Q138020,French hip hop
http://www.wikidata.org/entity/Q7112924,OutRun,http://www.wikidata.org/entity/Q471650,Guy-Manuel de Homem-Christo,http://www.wikidata.org/entity/Q1455292,French house
http://www.wikidata.org/entity/Q7112924,OutRun,http://www.wikidata.org/entity/Q734098,Sebastian,http://www.wikidata.org/entity/Q1455292,French house
http://www.wikidata.org/entity/Q7112924,OutRun,http://www.wikidata.org/entity/Q982784,Kavinsky,http://www.wikidata.org/entity/Q1455292,French house
http://www.wikidata.org/entity/Q2880576,Balavoine au Palais des Sports,http://www.wikidata.org/entity/Q3270532,Léo Missir,http://www.wikidata.org/entity/Q1162954,French pop
http://www.wikidata.org/entity/Q2880579,Balavoine sur scène,http://www.wikidata.org/entity/Q3270532,Léo Missir,http://www.wikidata.org/entity/Q1162954,French pop
http://www.wikidata.org/entity/Q60834316,Folk,http://www.wikidata.org/entity/Q15266140,Clément Ducol,http://www.wikidata.org/entity/Q1162954,French pop
http://www.wikidata.org/entity/Q2415463,Au cœur de la nuit,http://www.wikidata.org/entity/Q968828,Martin Rushent,http://www.wikidata.org/entity/Q3437841,French rock
http://www.wikidata.org/entity/Q3041553,Dure Limite,http://www.wikidata.org/entity/Q316850,Bob Ezrin,http://www.wikidata.org/entity/Q3437841,French rock
http://www.wikidata.org/entity/Q85852759,Au cœur de Téléphone – L'Intégrale,http://www.wikidata.org/entity/Q2997291,Corine Marienneau,http://www.wikidata.org/entity/Q3437841,French rock
http://www.wikidata.org/entity/Q97367591,Illimité,http://www.wikidata.org/entity/Q2997291,Corine Marienneau,http://www.wikidata.org/entity/Q3437841,French rock
http://www.wikidata.org/entity/Q109255336,Géographie du vide,http://www.wikidata.org/entity/Q107315405,Lucas Thiéfaine,http://www.wikidata.org/entity/Q3437841,French rock
http://www.wikidata.org/entity/Q3548357,Un autre monde,http://www.wikidata.org/entity/Q956126,Glyn Johns,http://www.wikidata.org/entity/Q3437841,French rock
http://www.wikidata.org/entity/Q3321573,Monsters in Love,http://www.wikidata.org/entity/Q204616,John Parish,http://www.wikidata.org/entity/Q3437841,French rock
http://www.wikidata.org/entity/Q3197064,King of the World,http://www.wikidata.org/entity/Q497759,Nile Rodgers,http://www.wikidata.org/entity/Q164444,funk
http://www.wikidata.org/entity/Q3540982,Troupeau Bleu,http://www.wikidata.org/entity/Q2830111,Alain Mion,http://www.wikidata.org/entity/Q164444,funk
http://www.wikidata.org/entity/Q967042,Lunatic,http://www.wikidata.org/entity/Q1361271,Ryan Leslie,http://www.wikidata.org/entity/Q753679,gangsta rap
http://www.wikidata.org/entity/Q3493133,Terra Incognita,http://www.wikidata.org/entity/Q1011412,Gojira,http://www.wikidata.org/entity/Q241662,groove metal
http://www.wikidata.org/entity/Q3203061,L'Enfant Sauvage,http://www.wikidata.org/entity/Q1523866,Joe Duplantier,http://www.wikidata.org/entity/Q241662,groove metal
http://www.wikidata.org/entity/Q167848,Zaz,http://www.wikidata.org/entity/Q3195483,Kerredine Soltani,http://www.wikidata.org/entity/Q844245,Gypsy jazz
http://www.wikidata.org/entity/Q85853248,Fils de lutte,http://www.wikidata.org/entity/Q3313320,Mike Fraser,http://www.wikidata.org/entity/Q83270,hard rock
http://www.wikidata.org/entity/Q3365325,Paris by Night,http://www.wikidata.org/entity/Q1641993,Trust,http://www.wikidata.org/entity/Q83270,hard rock
http://www.wikidata.org/entity/Q302867,Secret Passion,http://www.wikidata.org/entity/Q5109486,Christian De Walden,http://www.wikidata.org/entity/Q606393,Hi-NRG
http://www.wikidata.org/entity/Q302867,Secret Passion,http://www.wikidata.org/entity/Q22102098,Steve Singer,http://www.wikidata.org/entity/Q606393,Hi-NRG
http://www.wikidata.org/entity/Q2413591,Paradisiaque,http://www.wikidata.org/entity/Q1048429,Cassius,http://www.wikidata.org/entity/Q11401,hip hop music
http://www.wikidata.org/entity/Q2837935,Aller-Retour,http://www.wikidata.org/entity/Q5463897,Focus...,http://www.wikidata.org/entity/Q11401,hip hop music
http://www.wikidata.org/entity/Q3165292,MC Solaar,http://www.wikidata.org/entity/Q1048429,Cassius,http://www.wikidata.org/entity/Q11401,hip hop music
http://www.wikidata.org/entity/Q88306409,Genèse,http://www.wikidata.org/entity/Q88212894,Lok Low,http://www.wikidata.org/entity/Q11401,hip hop music
http://www.wikidata.org/entity/Q23345,Musique Vol. 1 1993–2005,http://www.wikidata.org/entity/Q471650,Guy-Manuel de Homem-Christo,http://www.wikidata.org/entity/Q20502,house music
http://www.wikidata.org/entity/Q23345,Musique Vol. 1 1993–2005,http://www.wikidata.org/entity/Q471656,Thomas Bangalter,http://www.wikidata.org/entity/Q20502,house music
http://www.wikidata.org/entity/Q852168,Pop Life,http://www.wikidata.org/entity/Q219633,Joachim Garraud,http://www.wikidata.org/entity/Q20502,house music
http://www.wikidata.org/entity/Q1938496,Tout est calme,http://www.wikidata.org/entity/Q157256,Yann Tiersen,http://www.wikidata.org/entity/Q183504,indie rock
http://www.wikidata.org/entity/Q3486462,Skyline,http://www.wikidata.org/entity/Q157256,Yann Tiersen,http://www.wikidata.org/entity/Q183504,indie rock
http://www.wikidata.org/entity/Q16643501,∞,http://www.wikidata.org/entity/Q157256,Yann Tiersen,http://www.wikidata.org/entity/Q183504,indie rock
http://www.wikidata.org/entity/Q3352164,On Tour,http://www.wikidata.org/entity/Q157256,Yann Tiersen,http://www.wikidata.org/entity/Q183504,indie rock
http://www.wikidata.org/entity/Q1062420,Chante,http://www.wikidata.org/entity/Q726471,Francis Dreyfus,http://www.wikidata.org/entity/Q8341,jazz
http://www.wikidata.org/entity/Q1093902,Sessions 2000,http://www.wikidata.org/entity/Q104326,Jean-Michel Jarre,http://www.wikidata.org/entity/Q8341,jazz
http://www.wikidata.org/entity/Q3080400,Fraise Vanille,http://www.wikidata.org/entity/Q271640,Helena Noguerra,http://www.wikidata.org/entity/Q8341,jazz
http://www.wikidata.org/entity/Q3197064,King of the World,http://www.wikidata.org/entity/Q497759,Nile Rodgers,http://www.wikidata.org/entity/Q8341,jazz
http://www.wikidata.org/entity/Q15406874,La Mémoire des volets blancs,http://www.wikidata.org/entity/Q3160649,Jakez Bernard,http://www.wikidata.org/entity/Q8341,jazz
http://www.wikidata.org/entity/Q16635385,Newdecaband – Exposition sans tableau,http://www.wikidata.org/entity/Q288213,Éric Le Lann,http://www.wikidata.org/entity/Q8341,jazz
http://www.wikidata.org/entity/Q16635385,Newdecaband – Exposition sans tableau,http://www.wikidata.org/entity/Q1317748,Martial Solal,http://www.wikidata.org/entity/Q8341,jazz
http://www.wikidata.org/entity/Q98456622,I’m Confessin’,http://www.wikidata.org/entity/Q726471,Francis Dreyfus,http://www.wikidata.org/entity/Q8341,jazz
http://www.wikidata.org/entity/Q101091640,In & Out,http://www.wikidata.org/entity/Q726471,Francis Dreyfus,http://www.wikidata.org/entity/Q8341,jazz
http://www.wikidata.org/entity/Q109043817,Club Session no IV,http://www.wikidata.org/entity/Q1444335,Frank Ténot,http://www.wikidata.org/entity/Q8341,jazz
http://www.wikidata.org/entity/Q110464108,Chet Baker and His Quintet with Bobby Jaspar,http://www.wikidata.org/entity/Q117048722,Nicole Barclay,http://www.wikidata.org/entity/Q8341,jazz
http://www.wikidata.org/entity/Q3523173,The Unnamables,http://www.wikidata.org/entity/Q3219535,Laurent Thibault,http://www.wikidata.org/entity/Q105527,jazz fusion
http://www.wikidata.org/entity/Q3306358,Merci,http://www.wikidata.org/entity/Q927384,Christian Vander,http://www.wikidata.org/entity/Q38656,jazz-funk
http://www.wikidata.org/entity/Q523793,Ralf und Florian,http://www.wikidata.org/entity/Q61428,Conny Plank,http://www.wikidata.org/entity/Q320592,Krautrock
http://www.wikidata.org/entity/Q2930397,C'est écrit,http://www.wikidata.org/entity/Q3241898,Lionel Leroy,http://www.wikidata.org/entity/Q3328660,middle of the road
http://www.wikidata.org/entity/Q3428517,Reviens je t'aime,http://www.wikidata.org/entity/Q15974186,Claude Carrère,http://www.wikidata.org/entity/Q3328660,middle of the road
http://www.wikidata.org/entity/Q3489467,Solide,http://www.wikidata.org/entity/Q3241898,Lionel Leroy,http://www.wikidata.org/entity/Q3328660,middle of the road
http://www.wikidata.org/entity/Q3015732,Michel Sardou,http://www.wikidata.org/entity/Q507543,Jacques Revaux,http://www.wikidata.org/entity/Q3328660,middle of the road
http://www.wikidata.org/entity/Q3015732,Michel Sardou,http://www.wikidata.org/entity/Q3455792,Régis Talar,http://www.wikidata.org/entity/Q3328660,middle of the road
http://www.wikidata.org/entity/Q3055193,Entre gris clair et gris foncé,http://www.wikidata.org/entity/Q44709,Jean-Jacques Goldman,http://www.wikidata.org/entity/Q3328660,middle of the road
http://www.wikidata.org/entity/Q3055193,Entre gris clair et gris foncé,http://www.wikidata.org/entity/Q3288227,Marc Lumbroso,http://www.wikidata.org/entity/Q3328660,middle of the road
http://www.wikidata.org/entity/Q3066511,Fantaisie,http://www.wikidata.org/entity/Q507543,Jacques Revaux,http://www.wikidata.org/entity/Q3328660,middle of the road
http://www.wikidata.org/entity/Q3201910,L'Amour qui brûle en moi,http://www.wikidata.org/entity/Q15974186,Claude Carrère,http://www.wikidata.org/entity/Q3328660,middle of the road
http://www.wikidata.org/entity/Q3201940,L'Américain,http://www.wikidata.org/entity/Q15974186,Claude Carrère,http://www.wikidata.org/entity/Q3328660,middle of the road
http://www.wikidata.org/entity/Q3212809,La Septième Vague,http://www.wikidata.org/entity/Q1363146,Laurent Voulzy,http://www.wikidata.org/entity/Q3328660,middle of the road
http://www.wikidata.org/entity/Q3213456,Long sera l'hiver – La Vamp,http://www.wikidata.org/entity/Q15974186,Claude Carrère,http://www.wikidata.org/entity/Q3328660,middle of the road
http://www.wikidata.org/entity/Q3221440,Le Cimetière des éléphants,http://www.wikidata.org/entity/Q128796,Jean Fernandez,http://www.wikidata.org/entity/Q3328660,middle of the road
http://www.wikidata.org/entity/Q3227162,Sheila,http://www.wikidata.org/entity/Q3159779,Jacques Plait,http://www.wikidata.org/entity/Q3328660,middle of the road
http://www.wikidata.org/entity/Q3227162,Sheila,http://www.wikidata.org/entity/Q15974186,Claude Carrère,http://www.wikidata.org/entity/Q3328660,middle of the road
http://www.wikidata.org/entity/Q3578832,Écoute ce disque – Sheila № 2,http://www.wikidata.org/entity/Q3159779,Jacques Plait,http://www.wikidata.org/entity/Q3328660,middle of the road
http://www.wikidata.org/entity/Q3578832,Écoute ce disque – Sheila № 2,http://www.wikidata.org/entity/Q15974186,Claude Carrère,http://www.wikidata.org/entity/Q3328660,middle of the road
http://www.wikidata.org/entity/Q3400381,Poupée de porcelaine,http://www.wikidata.org/entity/Q15974186,Claude Carrère,http://www.wikidata.org/entity/Q3328660,middle of the road
http://www.wikidata.org/entity/Q3414071,Quel Tempérament de feu,http://www.wikidata.org/entity/Q15974186,Claude Carrère,http://www.wikidata.org/entity/Q3328660,middle of the road
http://www.wikidata.org/entity/Q1952362,Le Phare,http://www.wikidata.org/entity/Q157256,Yann Tiersen,http://www.wikidata.org/entity/Q572901,minimalist music
http://www.wikidata.org/entity/Q3512716,Tabarly,http://www.wikidata.org/entity/Q157256,Yann Tiersen,http://www.wikidata.org/entity/Q572901,minimalist music
http://www.wikidata.org/entity/Q910620,Bretonne,http://www.wikidata.org/entity/Q153504,Jon Kelly,http://www.wikidata.org/entity/Q910606,music of Brittany
http://www.wikidata.org/entity/Q2924855,Brian Boru,http://www.wikidata.org/entity/Q45322294,Keltia 3,http://www.wikidata.org/entity/Q910606,music of Brittany
http://www.wikidata.org/entity/Q15406873,À toi et ceux,http://www.wikidata.org/entity/Q3160649,Jakez Bernard,http://www.wikidata.org/entity/Q910606,music of Brittany
http://www.wikidata.org/entity/Q15406874,La Mémoire des volets blancs,http://www.wikidata.org/entity/Q3160649,Jakez Bernard,http://www.wikidata.org/entity/Q910606,music of Brittany
http://www.wikidata.org/entity/Q15406875,Theme for the Green Lands,http://www.wikidata.org/entity/Q10695,Dan Ar Braz,http://www.wikidata.org/entity/Q910606,music of Brittany
http://www.wikidata.org/entity/Q15406882,Acoustic,http://www.wikidata.org/entity/Q3219535,Laurent Thibault,http://www.wikidata.org/entity/Q910606,music of Brittany
http://www.wikidata.org/entity/Q15406888,Allez dire à la ville,http://www.wikidata.org/entity/Q3142352,Hughes de Courson,http://www.wikidata.org/entity/Q910606,music of Brittany
http://www.wikidata.org/entity/Q15410547,Héritage des Celtes,http://www.wikidata.org/entity/Q983618,Dónal Lunny,http://www.wikidata.org/entity/Q910606,music of Brittany
http://www.wikidata.org/entity/Q15410547,Héritage des Celtes,http://www.wikidata.org/entity/Q3160649,Jakez Bernard,http://www.wikidata.org/entity/Q910606,music of Brittany
http://www.wikidata.org/entity/Q15556446,Zénith,http://www.wikidata.org/entity/Q3160649,Jakez Bernard,http://www.wikidata.org/entity/Q910606,music of Brittany
http://www.wikidata.org/entity/Q15556448,Finisterres,http://www.wikidata.org/entity/Q983618,Dónal Lunny,http://www.wikidata.org/entity/Q910606,music of Brittany
http://www.wikidata.org/entity/Q15556458,En concert,http://www.wikidata.org/entity/Q983618,Dónal Lunny,http://www.wikidata.org/entity/Q910606,music of Brittany
http://www.wikidata.org/entity/Q16655525,Les Îles de la mémoire,http://www.wikidata.org/entity/Q10695,Dan Ar Braz,http://www.wikidata.org/entity/Q910606,music of Brittany
http://www.wikidata.org/entity/Q15696170,In Paradisu,http://www.wikidata.org/entity/Q45909,John Cale,http://www.wikidata.org/entity/Q2378916,music of Corsica
http://www.wikidata.org/entity/Q15410547,Héritage des Celtes,http://www.wikidata.org/entity/Q983618,Dónal Lunny,http://www.wikidata.org/entity/Q1378776,music of Ireland
http://www.wikidata.org/entity/Q15410547,Héritage des Celtes,http://www.wikidata.org/entity/Q3160649,Jakez Bernard,http://www.wikidata.org/entity/Q1378776,music of Ireland
http://www.wikidata.org/entity/Q15556446,Zénith,http://www.wikidata.org/entity/Q3160649,Jakez Bernard,http://www.wikidata.org/entity/Q1378776,music of Ireland
http://www.wikidata.org/entity/Q15556448,Finisterres,http://www.wikidata.org/entity/Q983618,Dónal Lunny,http://www.wikidata.org/entity/Q1378776,music of Ireland
http://www.wikidata.org/entity/Q15556458,En concert,http://www.wikidata.org/entity/Q983618,Dónal Lunny,http://www.wikidata.org/entity/Q1378776,music of Ireland
http://www.wikidata.org/entity/Q90153115,Thulêan Mysteries,http://www.wikidata.org/entity/Q193172,Burzum,http://www.wikidata.org/entity/Q775614,neofolk
http://www.wikidata.org/entity/Q15661,Oxygène,http://www.wikidata.org/entity/Q104326,Jean-Michel Jarre,http://www.wikidata.org/entity/Q213121,new age music
http://www.wikidata.org/entity/Q2976515,Classics II,http://www.wikidata.org/entity/Q556413,Eric Lévi,http://www.wikidata.org/entity/Q213121,new age music
http://www.wikidata.org/entity/Q964360,3,http://www.wikidata.org/entity/Q3379803,Philippe Eidel,http://www.wikidata.org/entity/Q187760,new wave
http://www.wikidata.org/entity/Q3126891,Hanoï,http://www.wikidata.org/entity/Q3351087,Olivier Gérard,http://www.wikidata.org/entity/Q187760,new wave
http://www.wikidata.org/entity/Q3220199,Le Baiser,http://www.wikidata.org/entity/Q3379803,Philippe Eidel,http://www.wikidata.org/entity/Q187760,new wave
http://www.wikidata.org/entity/Q2908889,Boire,http://www.wikidata.org/entity/Q718501,Miossec,http://www.wikidata.org/entity/Q2002705,Nouvelle Chanson
http://www.wikidata.org/entity/Q2908889,Boire,http://www.wikidata.org/entity/Q3106388,Gilles Martin,http://www.wikidata.org/entity/Q2002705,Nouvelle Chanson
http://www.wikidata.org/entity/Q633086,2lor en moi?,http://www.wikidata.org/entity/Q3089711,Frédéric Château,http://www.wikidata.org/entity/Q37073,pop music
http://www.wikidata.org/entity/Q633086,2lor en moi?,http://www.wikidata.org/entity/Q5982226,Ian Masterson,http://www.wikidata.org/entity/Q37073,pop music
http://www.wikidata.org/entity/Q633086,2lor en moi?,http://www.wikidata.org/entity/Q7704965,Terry Ronald,http://www.wikidata.org/entity/Q37073,pop music
http://www.wikidata.org/entity/Q775306,Divinidylle,http://www.wikidata.org/entity/Q2365459,Matthieu Chedid,http://www.wikidata.org/entity/Q37073,pop music
http://www.wikidata.org/entity/Q910442,Du soleil au cœur,http://www.wikidata.org/entity/Q554560,René Angélil,http://www.wikidata.org/entity/Q37073,pop music
http://www.wikidata.org/entity/Q910620,Bretonne,http://www.wikidata.org/entity/Q153504,Jon Kelly,http://www.wikidata.org/entity/Q37073,pop music
http://www.wikidata.org/entity/Q2464837,Anamorphosée,http://www.wikidata.org/entity/Q2580403,Laurent Boutonnat,http://www.wikidata.org/entity/Q37073,pop music
http://www.wikidata.org/entity/Q2870410,Au nom d'une femme,http://www.wikidata.org/entity/Q3309362,Michel Cœuriot,http://www.wikidata.org/entity/Q37073,pop music
http://www.wikidata.org/entity/Q2943601,Ce que je sais,http://www.wikidata.org/entity/Q719307,Pascal Obispo,http://www.wikidata.org/entity/Q37073,pop music
http://www.wikidata.org/entity/Q1608332,Dance Remixes,http://www.wikidata.org/entity/Q2580403,Laurent Boutonnat,http://www.wikidata.org/entity/Q37073,pop music
http://www.wikidata.org/entity/Q1937066,IRM,http://www.wikidata.org/entity/Q11901,Beck,http://www.wikidata.org/entity/Q37073,pop music
http://www.wikidata.org/entity/Q1950098,Mylenium Tour,http://www.wikidata.org/entity/Q2580403,Laurent Boutonnat,http://www.wikidata.org/entity/Q37073,pop music
http://www.wikidata.org/entity/Q2109379,Chrysalis,http://www.wikidata.org/entity/Q610896,Erick Benzi,http://www.wikidata.org/entity/Q37073,pop music
http://www.wikidata.org/entity/Q2290965,Live à Bercy,http://www.wikidata.org/entity/Q2580403,Laurent Boutonnat,http://www.wikidata.org/entity/Q37073,pop music
http://www.wikidata.org/entity/Q3489518,Solitudes à deux,http://www.wikidata.org/entity/Q3047308,Eddie Vartan,http://www.wikidata.org/entity/Q37073,pop music
http://www.wikidata.org/entity/Q3013371,Dancing Disco,http://www.wikidata.org/entity/Q543613,Michel Berger,http://www.wikidata.org/entity/Q37073,pop music
http://www.wikidata.org/entity/Q3020504,De vous à elle en passant par moi,http://www.wikidata.org/entity/Q3270532,Léo Missir,http://www.wikidata.org/entity/Q37073,pop music
http://www.wikidata.org/entity/Q3064062,Face amour / Face amère,http://www.wikidata.org/entity/Q1802,Daniel Balavoine,http://www.wikidata.org/entity/Q37073,pop music
http://www.wikidata.org/entity/Q3064062,Face amour / Face amère,http://www.wikidata.org/entity/Q20725314,Andy Scott,http://www.wikidata.org/entity/Q37073,pop music
http://www.wikidata.org/entity/Q3221045,Le Chanteur,http://www.wikidata.org/entity/Q20725314,Andy Scott,http://www.wikidata.org/entity/Q37073,pop music
http://www.wikidata.org/entity/Q3221169,Le Cheshire Cat et moi,http://www.wikidata.org/entity/Q737181,Teitur Lassen,http://www.wikidata.org/entity/Q37073,pop music
http://www.wikidata.org/entity/Q5773104,Histoires naturelles,http://www.wikidata.org/entity/Q1363146,Laurent Voulzy,http://www.wikidata.org/entity/Q37073,pop music
http://www.wikidata.org/entity/Q5773104,Histoires naturelles,http://www.wikidata.org/entity/Q3082126,Franck Eulry,http://www.wikidata.org/entity/Q37073,pop music
http://www.wikidata.org/entity/Q7748366,The Look of Love,http://www.wikidata.org/entity/Q729227,Tommy LiPuma,http://www.wikidata.org/entity/Q37073,pop music
http://www.wikidata.org/entity/Q15406870,Rêves de Siam,http://www.wikidata.org/entity/Q10695,Dan Ar Braz,http://www.wikidata.org/entity/Q37073,pop music
http://www.wikidata.org/entity/Q15406873,À toi et ceux,http://www.wikidata.org/entity/Q3160649,Jakez Bernard,http://www.wikidata.org/entity/Q37073,pop music
http://www.wikidata.org/entity/Q15406874,La Mémoire des volets blancs,http://www.wikidata.org/entity/Q3160649,Jakez Bernard,http://www.wikidata.org/entity/Q37073,pop music
http://www.wikidata.org/entity/Q15406875,Theme for the Green Lands,http://www.wikidata.org/entity/Q10695,Dan Ar Braz,http://www.wikidata.org/entity/Q37073,pop music
http://www.wikidata.org/entity/Q15406882,Acoustic,http://www.wikidata.org/entity/Q3219535,Laurent Thibault,http://www.wikidata.org/entity/Q37073,pop music
http://www.wikidata.org/entity/Q15406888,Allez dire à la ville,http://www.wikidata.org/entity/Q3142352,Hughes de Courson,http://www.wikidata.org/entity/Q37073,pop music
http://www.wikidata.org/entity/Q15410547,Héritage des Celtes,http://www.wikidata.org/entity/Q983618,Dónal Lunny,http://www.wikidata.org/entity/Q37073,pop music
http://www.wikidata.org/entity/Q15410547,Héritage des Celtes,http://www.wikidata.org/entity/Q3160649,Jakez Bernard,http://www.wikidata.org/entity/Q37073,pop music
http://www.wikidata.org/entity/Q15556446,Zénith,http://www.wikidata.org/entity/Q3160649,Jakez Bernard,http://www.wikidata.org/entity/Q37073,pop music
http://www.wikidata.org/entity/Q15556448,Finisterres,http://www.wikidata.org/entity/Q983618,Dónal Lunny,http://www.wikidata.org/entity/Q37073,pop music
http://www.wikidata.org/entity/Q15556458,En concert,http://www.wikidata.org/entity/Q983618,Dónal Lunny,http://www.wikidata.org/entity/Q37073,pop music
http://www.wikidata.org/entity/Q16655525,Les Îles de la mémoire,http://www.wikidata.org/entity/Q10695,Dan Ar Braz,http://www.wikidata.org/entity/Q37073,pop music
http://www.wikidata.org/entity/Q60834868,Avec toi,http://www.wikidata.org/entity/Q936333,Tony Scotti,http://www.wikidata.org/entity/Q37073,pop music
http://www.wikidata.org/entity/Q74579700,Johnny,http://www.wikidata.org/entity/Q430491,Yvan Cassar,http://www.wikidata.org/entity/Q37073,pop music
http://www.wikidata.org/entity/Q93725926,De quoi faire battre mon cœur,http://www.wikidata.org/entity/Q3086921,Fred Pallem,http://www.wikidata.org/entity/Q37073,pop music
http://www.wikidata.org/entity/Q93727375,De quoi faire battre ton cœur,http://www.wikidata.org/entity/Q3086921,Fred Pallem,http://www.wikidata.org/entity/Q37073,pop music
http://www.wikidata.org/entity/Q93728476,À la lisière,http://www.wikidata.org/entity/Q1429441,Florent Marchet,http://www.wikidata.org/entity/Q37073,pop music
http://www.wikidata.org/entity/Q98834279,Aimée,http://www.wikidata.org/entity/Q568578,Julien Doré,http://www.wikidata.org/entity/Q37073,pop music
http://www.wikidata.org/entity/Q98834279,Aimée,http://www.wikidata.org/entity/Q55094970,Tristan Salvati,http://www.wikidata.org/entity/Q37073,pop music
http://www.wikidata.org/entity/Q111210556,Merci pour le regard,http://www.wikidata.org/entity/Q936333,Tony Scotti,http://www.wikidata.org/entity/Q37073,pop music
http://www.wikidata.org/entity/Q3535878,Toutes peines confondues,http://www.wikidata.org/entity/Q936333,Tony Scotti,http://www.wikidata.org/entity/Q37073,pop music
http://www.wikidata.org/entity/Q3536168,Traces,http://www.wikidata.org/entity/Q44709,Jean-Jacques Goldman,http://www.wikidata.org/entity/Q37073,pop music
http://www.wikidata.org/entity/Q3536168,Traces,http://www.wikidata.org/entity/Q3288227,Marc Lumbroso,http://www.wikidata.org/entity/Q37073,pop music
http://www.wikidata.org/entity/Q3536168,Traces,http://www.wikidata.org/entity/Q20725314,Andy Scott,http://www.wikidata.org/entity/Q37073,pop music
http://www.wikidata.org/entity/Q3259350,Lorada,http://www.wikidata.org/entity/Q610896,Erick Benzi,http://www.wikidata.org/entity/Q37073,pop music
http://www.wikidata.org/entity/Q3345186,Nouvelle Vague,http://www.wikidata.org/entity/Q936333,Tony Scotti,http://www.wikidata.org/entity/Q37073,pop music
http://www.wikidata.org/entity/Q3365605,Parmi la foule,http://www.wikidata.org/entity/Q3089711,Frédéric Château,http://www.wikidata.org/entity/Q37073,pop music
http://www.wikidata.org/entity/Q3365605,Parmi la foule,http://www.wikidata.org/entity/Q3385553,Pierre Jaconelli,http://www.wikidata.org/entity/Q37073,pop music
http://www.wikidata.org/entity/Q16851914,Just Me,http://www.wikidata.org/entity/Q497759,Nile Rodgers,http://www.wikidata.org/entity/Q37073,pop music
http://www.wikidata.org/entity/Q19603949,Chambre 12,http://www.wikidata.org/entity/Q523837,Dan Black,http://www.wikidata.org/entity/Q37073,pop music
http://www.wikidata.org/entity/Q3015551,Dans ma bulle,http://www.wikidata.org/entity/Q3486380,Skread,http://www.wikidata.org/entity/Q2572585,pop rap
http://www.wikidata.org/entity/Q931908,Un jour dans notre vie,http://www.wikidata.org/entity/Q3379803,Philippe Eidel,http://www.wikidata.org/entity/Q484641,pop rock
http://www.wikidata.org/entity/Q1607938,RemixeS,http://www.wikidata.org/entity/Q2580403,Laurent Boutonnat,http://www.wikidata.org/entity/Q484641,pop rock
http://www.wikidata.org/entity/Q1938496,Tout est calme,http://www.wikidata.org/entity/Q157256,Yann Tiersen,http://www.wikidata.org/entity/Q484641,pop rock
http://www.wikidata.org/entity/Q3474369,Sauver l'amour,http://www.wikidata.org/entity/Q20725314,Andy Scott,http://www.wikidata.org/entity/Q484641,pop rock
http://www.wikidata.org/entity/Q3007055,Wax,http://www.wikidata.org/entity/Q979169,Alexandre Azaria,http://www.wikidata.org/entity/Q484641,pop rock
http://www.wikidata.org/entity/Q3007055,Wax,http://www.wikidata.org/entity/Q3169652,Jean-Pierre Pilot,http://www.wikidata.org/entity/Q484641,pop rock
http://www.wikidata.org/entity/Q3055193,Entre gris clair et gris foncé,http://www.wikidata.org/entity/Q44709,Jean-Jacques Goldman,http://www.wikidata.org/entity/Q484641,pop rock
http://www.wikidata.org/entity/Q3055193,Entre gris clair et gris foncé,http://www.wikidata.org/entity/Q3288227,Marc Lumbroso,http://www.wikidata.org/entity/Q484641,pop rock
http://www.wikidata.org/entity/Q3212588,La République des Meteors,http://www.wikidata.org/entity/Q3351087,Olivier Gérard,http://www.wikidata.org/entity/Q484641,pop rock
http://www.wikidata.org/entity/Q3222107,Le Danger,http://www.wikidata.org/entity/Q3438296,Rodolphe Burger,http://www.wikidata.org/entity/Q484641,pop rock
http://www.wikidata.org/entity/Q3222107,Le Danger,http://www.wikidata.org/entity/Q27928527,Alain Lubrano,http://www.wikidata.org/entity/Q484641,pop rock
http://www.wikidata.org/entity/Q3233943,Les Mots bleus,http://www.wikidata.org/entity/Q726471,Francis Dreyfus,http://www.wikidata.org/entity/Q484641,pop rock
http://www.wikidata.org/entity/Q3234436,Les Paradis perdus,http://www.wikidata.org/entity/Q726471,Francis Dreyfus,http://www.wikidata.org/entity/Q484641,pop rock
http://www.wikidata.org/entity/Q109045639,My Place,http://www.wikidata.org/entity/Q51010,Stephan Eicher,http://www.wikidata.org/entity/Q484641,pop rock
http://www.wikidata.org/entity/Q109045639,My Place,http://www.wikidata.org/entity/Q5236882,David M. Allen,http://www.wikidata.org/entity/Q484641,pop rock
http://www.wikidata.org/entity/Q3548353,Un autre monde,http://www.wikidata.org/entity/Q1802,Daniel Balavoine,http://www.wikidata.org/entity/Q484641,pop rock
http://www.wikidata.org/entity/Q3548353,Un autre monde,http://www.wikidata.org/entity/Q20725314,Andy Scott,http://www.wikidata.org/entity/Q484641,pop rock
http://www.wikidata.org/entity/Q3555427,Vendeurs de larmes,http://www.wikidata.org/entity/Q1802,Daniel Balavoine,http://www.wikidata.org/entity/Q484641,pop rock
http://www.wikidata.org/entity/Q3555427,Vendeurs de larmes,http://www.wikidata.org/entity/Q20725314,Andy Scott,http://www.wikidata.org/entity/Q484641,pop rock
http://www.wikidata.org/entity/Q3258652,Loin des yeux de l'Occident,http://www.wikidata.org/entity/Q1802,Daniel Balavoine,http://www.wikidata.org/entity/Q484641,pop rock
http://www.wikidata.org/entity/Q3258652,Loin des yeux de l'Occident,http://www.wikidata.org/entity/Q20725314,Andy Scott,http://www.wikidata.org/entity/Q484641,pop rock
http://www.wikidata.org/entity/Q3352164,On Tour,http://www.wikidata.org/entity/Q157256,Yann Tiersen,http://www.wikidata.org/entity/Q209137,post-rock
http://www.wikidata.org/entity/Q340045,Dust to Dust,http://www.wikidata.org/entity/Q63068,Sascha Paeth,http://www.wikidata.org/entity/Q57143,power metal
http://www.wikidata.org/entity/Q744765,Sunset,http://www.wikidata.org/entity/Q4912302,Billy Bush,http://www.wikidata.org/entity/Q837837,power pop
http://www.wikidata.org/entity/Q3493133,Terra Incognita,http://www.wikidata.org/entity/Q1011412,Gojira,http://www.wikidata.org/entity/Q484344,progressive metal
http://www.wikidata.org/entity/Q247837,Üdü Ẁüdü,http://www.wikidata.org/entity/Q680779,Giorgio Gomelsky,http://www.wikidata.org/entity/Q49451,progressive rock
http://www.wikidata.org/entity/Q247837,Üdü Ẁüdü,http://www.wikidata.org/entity/Q914489,Magma,http://www.wikidata.org/entity/Q49451,progressive rock
http://www.wikidata.org/entity/Q291657,Ëmëhntëhtt-Ré,http://www.wikidata.org/entity/Q927384,Christian Vander,http://www.wikidata.org/entity/Q49451,progressive rock
http://www.wikidata.org/entity/Q2664917,Attahk,http://www.wikidata.org/entity/Q3219535,Laurent Thibault,http://www.wikidata.org/entity/Q49451,progressive rock
http://www.wikidata.org/entity/Q1065173,K.A.,http://www.wikidata.org/entity/Q927384,Christian Vander,http://www.wikidata.org/entity/Q49451,progressive rock
http://www.wikidata.org/entity/Q1568453,Mëkanïk Dëstruktïẁ Kömmandöh,http://www.wikidata.org/entity/Q680779,Giorgio Gomelsky,http://www.wikidata.org/entity/Q49451,progressive rock
http://www.wikidata.org/entity/Q3092316,Félicité Thösz,http://www.wikidata.org/entity/Q927384,Christian Vander,http://www.wikidata.org/entity/Q49451,progressive rock
http://www.wikidata.org/entity/Q3201201,Köhntarkösz,http://www.wikidata.org/entity/Q680779,Giorgio Gomelsky,http://www.wikidata.org/entity/Q49451,progressive rock
http://www.wikidata.org/entity/Q3230824,Les Aventures de Simon et Gunther…,http://www.wikidata.org/entity/Q3270532,Léo Missir,http://www.wikidata.org/entity/Q49451,progressive rock
http://www.wikidata.org/entity/Q3230824,Les Aventures de Simon et Gunther…,http://www.wikidata.org/entity/Q20725314,Andy Scott,http://www.wikidata.org/entity/Q49451,progressive rock
http://www.wikidata.org/entity/Q5659370,Harmonium en tournée,http://www.wikidata.org/entity/Q117448781,Paul Dupont-Hébert,http://www.wikidata.org/entity/Q49451,progressive rock
http://www.wikidata.org/entity/Q65159693,Zëss,http://www.wikidata.org/entity/Q3498156,Stella Vander,http://www.wikidata.org/entity/Q49451,progressive rock
http://www.wikidata.org/entity/Q74749567,Récolte de Rêves,http://www.wikidata.org/entity/Q1763557,Richard Grégoire,http://www.wikidata.org/entity/Q49451,progressive rock
http://www.wikidata.org/entity/Q109023787,Épitaphe,http://www.wikidata.org/entity/Q3081412,Francis Décamps,http://www.wikidata.org/entity/Q49451,progressive rock
http://www.wikidata.org/entity/Q3594736,Ẁurdah Ïtah,http://www.wikidata.org/entity/Q927384,Christian Vander,http://www.wikidata.org/entity/Q49451,progressive rock
http://www.wikidata.org/entity/Q4409575,Live/Hhaï,http://www.wikidata.org/entity/Q680779,Giorgio Gomelsky,http://www.wikidata.org/entity/Q49451,progressive rock
http://www.wikidata.org/entity/Q4117977,Sahra,http://www.wikidata.org/entity/Q499028,Don Was,http://www.wikidata.org/entity/Q839029,raï
http://www.wikidata.org/entity/Q3275557,Made in Medina,http://www.wikidata.org/entity/Q304631,Steve Hillage,http://www.wikidata.org/entity/Q839029,raï
http://www.wikidata.org/entity/Q2928776,Busta Flex,http://www.wikidata.org/entity/Q246518,Kool Shen,http://www.wikidata.org/entity/Q6010,Rap
http://www.wikidata.org/entity/Q2928776,Busta Flex,http://www.wikidata.org/entity/Q762906,JoeyStarr,http://www.wikidata.org/entity/Q6010,Rap
http://www.wikidata.org/entity/Q2928776,Busta Flex,http://www.wikidata.org/entity/Q3011343,DJ Spank,http://www.wikidata.org/entity/Q6010,Rap
http://www.wikidata.org/entity/Q2928776,Busta Flex,http://www.wikidata.org/entity/Q3503431,Sulee B Wax,http://www.wikidata.org/entity/Q6010,Rap
http://www.wikidata.org/entity/Q2928776,Busta Flex,http://www.wikidata.org/entity/Q3576193,Zoxea,http://www.wikidata.org/entity/Q6010,Rap
http://www.wikidata.org/entity/Q3177913,jeu de société,http://www.wikidata.org/entity/Q2814698,20syl,http://www.wikidata.org/entity/Q6010,Rap
http://www.wikidata.org/entity/Q3221012,Le chant des sirènes,http://www.wikidata.org/entity/Q3486380,Skread,http://www.wikidata.org/entity/Q6010,Rap
http://www.wikidata.org/entity/Q88306409,Genèse,http://www.wikidata.org/entity/Q88212894,Lok Low,http://www.wikidata.org/entity/Q6010,Rap
http://www.wikidata.org/entity/Q3334328,NE2S,http://www.wikidata.org/entity/Q3486380,Skread,http://www.wikidata.org/entity/Q6010,Rap
http://www.wikidata.org/entity/Q3554275,Valérie Lagrange,http://www.wikidata.org/entity/Q774277,Mike Howlett,http://www.wikidata.org/entity/Q9794,reggae
http://www.wikidata.org/entity/Q2109379,Chrysalis,http://www.wikidata.org/entity/Q610896,Erick Benzi,http://www.wikidata.org/entity/Q45981,rhythm and blues
http://www.wikidata.org/entity/Q3197064,King of the World,http://www.wikidata.org/entity/Q497759,Nile Rodgers,http://www.wikidata.org/entity/Q45981,rhythm and blues
http://www.wikidata.org/entity/Q300373,A Collection of Beatles Oldies,http://www.wikidata.org/entity/Q191819,George Martin,http://www.wikidata.org/entity/Q7749,rock and roll
http://www.wikidata.org/entity/Q300373,A Collection of Beatles Oldies,http://www.wikidata.org/entity/Q191819,George Martin,http://www.wikidata.org/entity/Q11399,rock music
http://www.wikidata.org/entity/Q944914,Alphabetical,http://www.wikidata.org/entity/Q2442610,Tony Hoffer,http://www.wikidata.org/entity/Q11399,rock music
http://www.wikidata.org/entity/Q2415463,Au cœur de la nuit,http://www.wikidata.org/entity/Q968828,Martin Rushent,http://www.wikidata.org/entity/Q11399,rock music
http://www.wikidata.org/entity/Q2464837,Anamorphosée,http://www.wikidata.org/entity/Q2580403,Laurent Boutonnat,http://www.wikidata.org/entity/Q11399,rock music
http://www.wikidata.org/entity/Q2699449,Des visages des figures,http://www.wikidata.org/entity/Q7027878,Nick Sansano,http://www.wikidata.org/entity/Q11399,rock music
http://www.wikidata.org/entity/Q2778183,666.667 Club,http://www.wikidata.org/entity/Q728707,Noir Désir,http://www.wikidata.org/entity/Q11399,rock music
http://www.wikidata.org/entity/Q2778183,666.667 Club,http://www.wikidata.org/entity/Q7693556,Ted Niceley,http://www.wikidata.org/entity/Q11399,rock music
http://www.wikidata.org/entity/Q2830445,Alambic / Sortie Sud,http://www.wikidata.org/entity/Q8326068,Hervé Bergerat,http://www.wikidata.org/entity/Q11399,rock music
http://www.wikidata.org/entity/Q2836712,Alice & June Tour,http://www.wikidata.org/entity/Q3351087,Olivier Gérard,http://www.wikidata.org/entity/Q11399,rock music
http://www.wikidata.org/entity/Q2836716,Alice & June,http://www.wikidata.org/entity/Q3351087,Olivier Gérard,http://www.wikidata.org/entity/Q11399,rock music
http://www.wikidata.org/entity/Q2896959,Bercy 92,http://www.wikidata.org/entity/Q1089001,Jannick Top,http://www.wikidata.org/entity/Q11399,rock music
http://www.wikidata.org/entity/Q2910163,Bonjour,http://www.wikidata.org/entity/Q1496734,Gaëtan Roussel,http://www.wikidata.org/entity/Q11399,rock music
http://www.wikidata.org/entity/Q2910163,Bonjour,http://www.wikidata.org/entity/Q3294208,Mark Plati,http://www.wikidata.org/entity/Q11399,rock music
http://www.wikidata.org/entity/Q1950098,Mylenium Tour,http://www.wikidata.org/entity/Q2580403,Laurent Boutonnat,http://www.wikidata.org/entity/Q11399,rock music
http://www.wikidata.org/entity/Q2067527,One Trip/One Noise,http://www.wikidata.org/entity/Q728707,Noir Désir,http://www.wikidata.org/entity/Q11399,rock music
http://www.wikidata.org/entity/Q3489315,Soleil cherche futur,http://www.wikidata.org/entity/Q8326068,Hervé Bergerat,http://www.wikidata.org/entity/Q11399,rock music
http://www.wikidata.org/entity/Q3489518,Solitudes à deux,http://www.wikidata.org/entity/Q3047308,Eddie Vartan,http://www.wikidata.org/entity/Q11399,rock music
http://www.wikidata.org/entity/Q3504866,Suppléments de mensonge,http://www.wikidata.org/entity/Q3166935,Jean-Louis Piérot,http://www.wikidata.org/entity/Q11399,rock music
http://www.wikidata.org/entity/Q3504866,Suppléments de mensonge,http://www.wikidata.org/entity/Q3579175,Édith Fambuena,http://www.wikidata.org/entity/Q11399,rock music
http://www.wikidata.org/entity/Q2966785,Chroniques bluesymentales,http://www.wikidata.org/entity/Q2885793,Barry Reynolds,http://www.wikidata.org/entity/Q11399,rock music
http://www.wikidata.org/entity/Q3001952,Crache ton venin,http://www.wikidata.org/entity/Q968828,Martin Rushent,http://www.wikidata.org/entity/Q11399,rock music
http://www.wikidata.org/entity/Q3013368,Dancetaria,http://www.wikidata.org/entity/Q3169652,Jean-Pierre Pilot,http://www.wikidata.org/entity/Q11399,rock music
http://www.wikidata.org/entity/Q3013371,Dancing Disco,http://www.wikidata.org/entity/Q543613,Michel Berger,http://www.wikidata.org/entity/Q11399,rock music
http://www.wikidata.org/entity/Q3023942,Dernières balises (avant mutation),http://www.wikidata.org/entity/Q8326068,Hervé Bergerat,http://www.wikidata.org/entity/Q11399,rock music
http://www.wikidata.org/entity/Q3040385,Du monde tout autour,http://www.wikidata.org/entity/Q2551362,Gordon Gano,http://www.wikidata.org/entity/Q11399,rock music
http://www.wikidata.org/entity/Q3040385,Du monde tout autour,http://www.wikidata.org/entity/Q3294208,Mark Plati,http://www.wikidata.org/entity/Q11399,rock music
http://www.wikidata.org/entity/Q3051366,Elle et Louis,http://www.wikidata.org/entity/Q505994,Tony Visconti,http://www.wikidata.org/entity/Q11399,rock music
http://www.wikidata.org/entity/Q3053521,En concert,http://www.wikidata.org/entity/Q8326068,Hervé Bergerat,http://www.wikidata.org/entity/Q11399,rock music
http://www.wikidata.org/entity/Q3053526,En concert vol.2,http://www.wikidata.org/entity/Q8326068,Hervé Bergerat,http://www.wikidata.org/entity/Q11399,rock music
http://www.wikidata.org/entity/Q3053634,En route pour la joie,http://www.wikidata.org/entity/Q728707,Noir Désir,http://www.wikidata.org/entity/Q11399,rock music
http://www.wikidata.org/entity/Q3057410,Eros über alles,http://www.wikidata.org/entity/Q8326068,Hervé Bergerat,http://www.wikidata.org/entity/Q11399,rock music
http://www.wikidata.org/entity/Q3064848,Fame à la mode,http://www.wikidata.org/entity/Q19867358,Bill Schnee,http://www.wikidata.org/entity/Q11399,rock music
http://www.wikidata.org/entity/Q3080350,Fragments d'hébétude,http://www.wikidata.org/entity/Q1077761,Chris Spedding,http://www.wikidata.org/entity/Q11399,rock music
http://www.wikidata.org/entity/Q3126891,Hanoï,http://www.wikidata.org/entity/Q3351087,Olivier Gérard,http://www.wikidata.org/entity/Q11399,rock music
http://www.wikidata.org/entity/Q3182904,Johnny Hallyday Story - Palais des sports,http://www.wikidata.org/entity/Q507543,Jacques Revaux,http://www.wikidata.org/entity/Q11399,rock music
http://www.wikidata.org/entity/Q3213099,La Tentation du bonheur,http://www.wikidata.org/entity/Q3378759,Phil Delire,http://www.wikidata.org/entity/Q11399,rock music
http://www.wikidata.org/entity/Q3220516,Le Bonheur de la tentation,http://www.wikidata.org/entity/Q3378759,Phil Delire,http://www.wikidata.org/entity/Q11399,rock music
http://www.wikidata.org/entity/Q11959175,Around and Around,http://www.wikidata.org/entity/Q357194,Andrew Loog Oldham,http://www.wikidata.org/entity/Q11399,rock music
http://www.wikidata.org/entity/Q60834868,Avec toi,http://www.wikidata.org/entity/Q936333,Tony Scotti,http://www.wikidata.org/entity/Q11399,rock music
http://www.wikidata.org/entity/Q85853568,Je suis africain,http://www.wikidata.org/entity/Q70241132,Toma Feterman,http://www.wikidata.org/entity/Q11399,rock music
http://www.wikidata.org/entity/Q3556430,Veuillez rendre l'âme (à qui elle appartient),http://www.wikidata.org/entity/Q921695,Ian Broudie,http://www.wikidata.org/entity/Q11399,rock music
http://www.wikidata.org/entity/Q3576872,À plus tard crocodile,http://www.wikidata.org/entity/Q3294208,Mark Plati,http://www.wikidata.org/entity/Q11399,rock music
http://www.wikidata.org/entity/Q3333909,Météo für nada,http://www.wikidata.org/entity/Q8326068,Hervé Bergerat,http://www.wikidata.org/entity/Q11399,rock music
http://www.wikidata.org/entity/Q3342719,Noir Désir en public,http://www.wikidata.org/entity/Q728707,Noir Désir,http://www.wikidata.org/entity/Q11399,rock music
http://www.wikidata.org/entity/Q18384789,Rester vivant,http://www.wikidata.org/entity/Q499028,Don Was,http://www.wikidata.org/entity/Q11399,rock music
http://www.wikidata.org/entity/Q109023787,Épitaphe,http://www.wikidata.org/entity/Q3081412,Francis Décamps,http://www.wikidata.org/entity/Q253137,rock opera
http://www.wikidata.org/entity/Q65130374,Celia,http://www.wikidata.org/entity/Q1174241,David Donatien,http://www.wikidata.org/entity/Q208239,salsa
http://www.wikidata.org/entity/Q3197064,King of the World,http://www.wikidata.org/entity/Q497759,Nile Rodgers,http://www.wikidata.org/entity/Q11403,samba
http://www.wikidata.org/entity/Q97487745,Nyboma,http://www.wikidata.org/entity/Q5984748,Ibrahim Sylla,http://www.wikidata.org/entity/Q1752683,soukous
http://www.wikidata.org/entity/Q3306358,Merci,http://www.wikidata.org/entity/Q927384,Christian Vander,http://www.wikidata.org/entity/Q131272,soul
http://www.wikidata.org/entity/Q614610,Good Bye Lenin!,http://www.wikidata.org/entity/Q157256,Yann Tiersen,http://www.wikidata.org/entity/Q61340552,stage and screen
http://www.wikidata.org/entity/Q2538479,Le Fabuleux Destin d'Amélie Poulain,http://www.wikidata.org/entity/Q157256,Yann Tiersen,http://www.wikidata.org/entity/Q61340552,stage and screen
http://www.wikidata.org/entity/Q109043817,Club Session no IV,http://www.wikidata.org/entity/Q1444335,Frank Ténot,http://www.wikidata.org/entity/Q203775,swing music
http://www.wikidata.org/entity/Q3230824,Les Aventures de Simon et Gunther…,http://www.wikidata.org/entity/Q3270532,Léo Missir,http://www.wikidata.org/entity/Q719927,symphonic rock
http://www.wikidata.org/entity/Q3230824,Les Aventures de Simon et Gunther…,http://www.wikidata.org/entity/Q20725314,Andy Scott,http://www.wikidata.org/entity/Q719927,symphonic rock
http://www.wikidata.org/entity/Q302867,Secret Passion,http://www.wikidata.org/entity/Q5109486,Christian De Walden,http://www.wikidata.org/entity/Q1298934,synth-pop
http://www.wikidata.org/entity/Q302867,Secret Passion,http://www.wikidata.org/entity/Q22102098,Steve Singer,http://www.wikidata.org/entity/Q1298934,synth-pop
http://www.wikidata.org/entity/Q767479,Les Chants magnétiques,http://www.wikidata.org/entity/Q104326,Jean-Michel Jarre,http://www.wikidata.org/entity/Q1298934,synth-pop
http://www.wikidata.org/entity/Q2877726,Babacar,http://www.wikidata.org/entity/Q543613,Michel Berger,http://www.wikidata.org/entity/Q1298934,synth-pop
http://www.wikidata.org/entity/Q1933014,Psychédélices,http://www.wikidata.org/entity/Q168012,Alizée,http://www.wikidata.org/entity/Q1298934,synth-pop
http://www.wikidata.org/entity/Q2291363,En concert,http://www.wikidata.org/entity/Q2580403,Laurent Boutonnat,http://www.wikidata.org/entity/Q1298934,synth-pop
http://www.wikidata.org/entity/Q3067583,Faux Coupable,http://www.wikidata.org/entity/Q3431213,Richard Seff,http://www.wikidata.org/entity/Q1298934,synth-pop
http://www.wikidata.org/entity/Q11825085,Positions,http://www.wikidata.org/entity/Q602638,Dimitri Tikovoi,http://www.wikidata.org/entity/Q1298934,synth-pop
http://www.wikidata.org/entity/Q7112924,OutRun,http://www.wikidata.org/entity/Q471650,Guy-Manuel de Homem-Christo,http://www.wikidata.org/entity/Q19938910,synthwave
http://www.wikidata.org/entity/Q7112924,OutRun,http://www.wikidata.org/entity/Q734098,Sebastian,http://www.wikidata.org/entity/Q19938910,synthwave
http://www.wikidata.org/entity/Q7112924,OutRun,http://www.wikidata.org/entity/Q982784,Kavinsky,http://www.wikidata.org/entity/Q19938910,synthwave
http://www.wikidata.org/entity/Q3493133,Terra Incognita,http://www.wikidata.org/entity/Q1011412,Gojira,http://www.wikidata.org/entity/Q1076092,technical death metal
http://www.wikidata.org/entity/Q3203061,L'Enfant Sauvage,http://www.wikidata.org/entity/Q1523866,Joe Duplantier,http://www.wikidata.org/entity/Q1076092,technical death metal
http://www.wikidata.org/entity/Q3206685,La Biographie de Luka Philipsen,http://www.wikidata.org/entity/Q182991,Benjamin Biolay,http://www.wikidata.org/entity/Q205560,trip hop
http://www.wikidata.org/entity/Q3342764,Noise,http://www.wikidata.org/entity/Q635772,Archive,http://www.wikidata.org/entity/Q205560,trip hop
http://www.wikidata.org/entity/Q525379,Deep Forest,http://www.wikidata.org/entity/Q2388966,Dan Lacksman,http://www.wikidata.org/entity/Q205049,world music
http://www.wikidata.org/entity/Q525379,Deep Forest,http://www.wikidata.org/entity/Q3119521,Guilain Joncheray,http://www.wikidata.org/entity/Q205049,world music
http://www.wikidata.org/entity/Q910620,Bretonne,http://www.wikidata.org/entity/Q153504,Jon Kelly,http://www.wikidata.org/entity/Q205049,world music
http://www.wikidata.org/entity/Q2401433,Viagra,http://www.wikidata.org/entity/Q3477442,Secteur Ä,http://www.wikidata.org/entity/Q205049,world music
http://www.wikidata.org/entity/Q2813511,1 Douar,http://www.wikidata.org/entity/Q45909,John Cale,http://www.wikidata.org/entity/Q205049,world music
http://www.wikidata.org/entity/Q1194062,Métamorphoses,http://www.wikidata.org/entity/Q104326,Jean-Michel Jarre,http://www.wikidata.org/entity/Q205049,world music
http://www.wikidata.org/entity/Q1647022,Comparsa,http://www.wikidata.org/entity/Q1133600,Deep Forest,http://www.wikidata.org/entity/Q205049,world music
http://www.wikidata.org/entity/Q65119345,Dalida,http://www.wikidata.org/entity/Q593611,Eddie Barclay,http://www.wikidata.org/entity/Q205049,world music
http://www.wikidata.org/entity/Q3275557,Made in Medina,http://www.wikidata.org/entity/Q304631,Steve Hillage,http://www.wikidata.org/entity/Q2064394,worldbeat
http://www.wikidata.org/entity/Q2878046,Baby pop,http://www.wikidata.org/entity/Q3022564,Denis Bourgeois,http://www.wikidata.org/entity/Q1636684,yé-yé
http://www.wikidata.org/entity/Q247837,Üdü Ẁüdü,http://www.wikidata.org/entity/Q680779,Giorgio Gomelsky,http://www.wikidata.org/entity/Q196999,Zeuhl
http://www.wikidata.org/entity/Q247837,Üdü Ẁüdü,http://www.wikidata.org/entity/Q914489,Magma,http://www.wikidata.org/entity/Q196999,Zeuhl
http://www.wikidata.org/entity/Q291657,Ëmëhntëhtt-Ré,http://www.wikidata.org/entity/Q927384,Christian Vander,http://www.wikidata.org/entity/Q196999,Zeuhl
http://www.wikidata.org/entity/Q2664917,Attahk,http://www.wikidata.org/entity/Q3219535,Laurent Thibault,http://www.wikidata.org/entity/Q196999,Zeuhl
http://www.wikidata.org/entity/Q1568453,Mëkanïk Dëstruktïẁ Kömmandöh,http://www.wikidata.org/entity/Q680779,Giorgio Gomelsky,http://www.wikidata.org/entity/Q196999,Zeuhl
http://www.wikidata.org/entity/Q3092316,Félicité Thösz,http://www.wikidata.org/entity/Q927384,Christian Vander,http://www.wikidata.org/entity/Q196999,Zeuhl
http://www.wikidata.org/entity/Q3201201,Köhntarkösz,http://www.wikidata.org/entity/Q680779,Giorgio Gomelsky,http://www.wikidata.org/entity/Q196999,Zeuhl
http://www.wikidata.org/entity/Q65159693,Zëss,http://www.wikidata.org/entity/Q3498156,Stella Vander,http://www.wikidata.org/entity/Q196999,Zeuhl
http://www.wikidata.org/entity/Q3594736,Ẁurdah Ïtah,http://www.wikidata.org/entity/Q927384,Christian Vander,http://www.wikidata.org/entity/Q196999,Zeuhl
http://www.wikidata.org/entity/Q4409575,Live/Hhaï,http://www.wikidata.org/entity/Q680779,Giorgio Gomelsky,http://www.wikidata.org/entity/Q196999,Zeuhl
http://www.wikidata.org/entity/Q2836750,Alice ça glisse,http://www.wikidata.org/entity/Q3082337,Francky Vincent,http://www.wikidata.org/entity/Q227045,zouk
